pID,name,organization,contact
1,Michelle Craig,University of Toronto,0000000001
2,Jennifer Campbell,University of Toronto,0000000002
3,Sadia Sharmin,University of Toronto,0000000003
4,Johnathon Calver,University of Toronto,0000000004
5,Larry Yueli Zhang,University of Toronto,0000000005
6,Diane Horton,University of Toronto,0000000006
7,Daniel Zingaro,University of Toronto,0000000007
8,Danny Heap,University of Toronto,0000000008
9,Anya Tafliovich,University of Toronto,0000000009
10,Andrew Peterson,Computing Society,0000000010
11,Jacqueline Smith,University of Toronto,0000000011
12,Jennifer Evans,Computing Society,0000000012
13,Chenyu Zhang,University of Toronto,0000000013
14,Akshay Bapat,Department of Computer Science,0000000014
15,Katarina Vucic,CSC343 Reviewing Corporation,0000000015
16,George Brown,Sleep Coding Reviewers,0000000016